Players,Clubs,Goals,6 yrds,18 yrds,18 yrds plus,Unknown yards
Kylian Mbappe,France,10,-,8,2,-
Lionel Messi,Argentina,8,2,4,2,-
Jude Bellingham,England,7,2,5,-,-
Erling Haaland,Norway,7,1,5,1,-
Ousmane Dembele,France,6,-,4,2,-
Harry Kane,England,6,-,6,-,-
Mikel Oyarzabal,Spain,5,2,3,-,-
Ismaila Sarr,Senegal,4,1,3,-,-
Vinicius Junior,Brazil,4,1,3,-,-
Julian Quinones,Mexico,4,1,3,-,-
Folarin Balogun,United States,3,-,3,-,-
Bukayo Saka,England,3,-,3,-,-
Cody Gakpo,Netherlands,3,-,3,-,-
Deniz Undav,Germany,3,1,2,-,-
Charles de Ketelaere,Belgium,3,2,1,-,-
Brian Brobbey,Netherlands,3,1,2,-,-
Lautaro Martinez,Argentina,3,1,2,-,-
Ismael Saibari,Morocco,3,-,2,1,-
Romelu Lukaku,Belgium,3,2,1,-,-
Kai Havertz,Germany,3,-,3,-,-
Cristiano Ronaldo,Portugal,3,-,3,-,-
Elijah Just,New Zealand,3,-,3,-,-
Matheus Cunha,Brazil,3,-,3,-,-
Yoane Wissa,DR Congo (Zaire),3,1,1,1,-
Jonathan David,Canada,3,1,2,-,-
Johan Manzambi,Switzerland,3,-,3,-,-
Bradley Barcola,France,3,-,3,-,-
Raul Jimenez,Mexico,3,1,2,-,-
Amad Diallo,Ivory Coast,2,1,1,-,-
Yasin Ayari,Sweden,2,-,-,2,-
Crysensio Summerville,Netherlands,2,-,1,1,-
Daichi Kamada,Japan,2,1,1,-,-
Enzo Fernandez,Argentina,2,-,1,1,-
Eman Ashour,Egypt,2,-,1,1,-
Ramin Rezaeian,Iran,2,1,1,-,-
Mikel Merino,Spain,2,1,1,-,-
Pedro Porro,Spain,2,-,2,-,-
Maximiliano Araujo,Uruguay,2,2,-,-,-
Malik Tillman,United States,2,-,-,2,-
Cyle Larin,Canada,2,1,1,-,-
Mostafa Ziko,Egypt,2,-,2,-,-
Anthony Elanga,Sweden,2,-,2,-,-
Ayase Ueda,Japan,2,-,2,-,-
Nicolas Pepe,Ivory Coast,2,-,2,-,-
Soufiane Rahimi,Morocco,2,-,2,-,-
Ermin Mahmic,Bosnia and Herzegovina,2,-,2,-,-
Ruben Vargas,Switzerland,2,-,2,-,-
Marko Arnautovic,Austria,2,-,2,-,-
Azzeddine Ounahi,Morocco,2,-,2,-,-
Dan Ndoye,Switzerland,2,-,2,-,-
Daniel Munoz,Colombia,2,-,2,-,-
Youri Tielemans,Belgium,2,-,2,-,-
Leandro Trossard,Belgium,2,1,1,-,-
Pape Gueye,Senegal,2,-,2,-,-
Breel Embolo,Switzerland,2,-,2,-,-
Riyad Mahrez,Algeria,2,-,2,-,-
Martin Baturina,Croatia,1,-,-,1,-
Luis Diaz,Colombia,1,-,1,-,-
Arda Guler,Turkey,1,-,1,-,-
Jaminton Leandro Campaz,Colombia,1,-,1,-,-
Ladislav Krejci II,Czech Republic,1,1,-,-,-
Abbosbek Fayzullaev,Uzbekistan,1,1,-,-,-
In-Beom Hwang,South Korea,1,-,1,-,-
Petar Musa,Croatia,1,-,1,-,-
Romano Schmid,Austria,1,-,-,1,-
Ali Olwan,Jordan,1,-,1,-,-
Omar Rekik,Tunisia,1,-,1,-,-
Joao Neves,Portugal,1,-,1,-,-
Issa Diop,Morocco,1,-,1,-,-
Hassan Al Haidos,Qatar,1,1,-,-,-
Alexander Isak,Sweden,1,-,-,1,-
Marcus Rashford,England,1,-,1,-,-
Mohammad Mohebi,Iran,1,-,1,-,-
Caleb Yirenkyi,Ghana,1,1,-,-,-
Achraf Hakimi,Morocco,1,1,-,-,-
Michal Sadilek,Czech Republic,1,-,1,-,-
Gonzalo Plata,Ecuador,1,1,-,-,-
Teboho Mokoena,South Africa,1,-,1,-,-
Sebastian Berhalter,United States,1,-,-,1,-
Luis Romo,Mexico,1,-,1,-,-
Ibrahima M'Baye,Senegal,1,-,1,-,-
Keito Nakamura,Japan,1,-,-,1,-
Alex Baena,Spain,1,-,1,-,-
Derrick Luckassen,Ghana,1,1,-,-,-
Viktor Gyokeres,Sweden,1,-,1,-,-
Musa Al-Taamari,Jordan,1,-,1,-,-
Rafik Belghali,Algeria,1,-,1,-,-
Kaishu Sano,Japan,1,-,-,1,-
Giovani Lo Celso,Argentina,1,-,-,1,-
Granit Xhaka,Switzerland,1,-,1,-,-
Fiston Mayele,DR Congo (Zaire),1,1,-,-,-
Virgil van Dijk,Netherlands,1,-,1,-,-
Gabriel Martinelli,Brazil,1,-,1,-,-
Nathan Saliba,Canada,1,-,-,1,-
Brian Cipenga,DR Congo (Zaire),1,-,1,-,-
Nathaniel Brown,Germany,1,-,1,-,-
Alex Freeman,United States,1,1,-,-,-
Sidney Cabral,Cape Verde,1,-,1,-,-
Matias Galarza,Paraguay,1,-,-,1,-
Giovanni Reyna,United States,1,-,1,-,-
Franck Kessie,Ivory Coast,1,-,1,-,-
Kerim-Sam Alajbegovic,Bosnia and Herzegovina,1,-,-,1,-
Leo Ostigard,Norway,1,1,-,-,-
Promise David Akinpelu,Canada,1,-,1,-,-
Aymen Hussein,Iraq,1,-,1,-,-
Wilson Isidor,Haiti,1,-,-,1,-
Leroy Sane,Germany,1,-,1,-,-
Gessine Yassine,Morocco,1,-,1,-,-
Junya Ito,Japan,1,-,1,-,-
Jamal Musiala,Germany,1,-,1,-,-
Nilson Angulo,Ecuador,1,-,-,1,-
Nico Schlotterbeck,Germany,1,1,-,-,-
Auston Trusty,United States,1,-,1,-,-
Daizen Maeda,Japan,1,-,1,-,-
Orkun Kokcu,Turkey,1,-,1,-,-
Jan Paul van Hecke,Netherlands,1,1,-,-,-
Kaan Ayhan,Turkey,1,1,-,-,-
Finn Surman,New Zealand,1,-,1,-,-
Hazem Mastouri,Tunisia,1,-,1,-,-
Desire Doue,France,1,-,1,-,-
Thelo Aasgaard,Norway,1,-,1,-,-
Mohamed Salah,Egypt,1,-,1,-,-
Habib Diallo,Senegal,1,1,-,-,-
Trezeguet,Egypt,1,-,1,-,-
Iliman Ndiaye,Senegal,1,-,-,1,-
Kevin De Bruyne,Belgium,1,-,-,1,-
Mahmoud Saber,Egypt,1,-,1,-,-
Lamine Yamal,Spain,1,1,-,-,-
Alexis Saelemaekers,Belgium,1,-,1,-,-
Connor Metcalfe,Australia,1,-,-,1,-
Kevin Pina,Cape Verde,1,-,-,1,-
Petar Sucic,Croatia,1,-,-,1,-
Agustin Canobbio,Uruguay,1,-,1,-,-
Nikola Vlasic,Croatia,1,-,1,-,-
Helio Varela,Cape Verde,1,-,1,-,-
Marcel Sabitzer,Austria,1,-,1,-,-
Yasser Ibrahim,Egypt,1,-,1,-,-
Sasa Kalajdzic,Austria,1,-,1,-,-
Mauricio,Paraguay,1,-,1,-,-
Nestory Irankunda,Australia,1,-,1,-,-
John McGinn,Scotland,1,-,1,-,-
Eldor Shomurodov,Uzbekistan,1,-,1,-,-
Declan Rice,England,1,-,-,1,-
Stephen Eustaquio,Canada,1,-,-,1,-
Livano Comenencia,Curacao,1,-,1,-,-
Casemiro,Brazil,1,1,-,-,-
Amine Gouiri,Algeria,1,1,-,-,-
Julio Enciso,Paraguay,1,-,1,-,-
Abdulelah Al-Amri,Saudi Arabia,1,1,-,-,-
Antonio Nusa,Norway,1,-,1,-,-
Hyeon-gyu Oh,South Korea,1,1,-,-,-
Habib Diarra,Senegal,1,1,-,-,-
Ivan Perisic,Croatia,1,-,1,-,-
Felix Nmecha,Germany,1,-,1,-,-
Nuno Mendes,Portugal,1,-,-,1,-
Deroy Duarte,Cape Verde,1,-,1,-,-
Goncalo Ramos,Portugal,1,-,1,-,-
Rafael Leao,Portugal,1,-,1,-,-
Ante Budimir,Croatia,1,1,-,-,-
Lisandro Martinez,Argentina,1,-,1,-,-
Mateo Chavez,Mexico,1,-,1,-,-
Jhon Arias,Colombia,1,-,1,-,-
Mattias Svanberg,Sweden,1,-,1,-,-
Neymar,Brazil,1,-,1,-,-
Thapelo Maseko,South Africa,1,-,1,-,-
Hans Vanaken,Belgium,1,-,-,1,-
Alvaro Fidalgo,Mexico,1,-,1,-,-
Andreas Schjelderup,Norway,1,-,1,-,-
Cristian Romero,Argentina,1,-,1,-,-
Julian Alvarez,Argentina,1,-,-,1,-
Fabian,Spain,1,-,1,-,-
Jovo Lukic,Bosnia and Herzegovina,1,1,-,-,-
Alexis Mac Allister,Argentina,1,1,-,-,-
Nizar Al-Rashdan,Jordan,1,-,1,-,-
Anthony Gordon,England,1,1,-,-,-
Nadhir Benbouali,Algeria,1,-,1,-,-
Ezri Konsa,England,1,-,1,-,-
Marcus Pedersen,Norway,1,-,1,-,-
Ferran Torres,Spain,1,-,1,-,-
