player,team,minutes,interceptions,tackles_won,goals,assists,defensive_output
Marvin Senaya,Ghana,278.0,6.0,12.0,0.0,0.0,2.039568345323741
Rayan Aït-Nouri,Algeria,284.0,5.0,13.0,0.0,0.0,1.9964788732394365
Merchas Doski,Iraq,270.0,6.0,9.0,0.0,0.0,1.7499999999999998
Khuliso Mudau,South Africa,360.0,11.0,8.0,0.0,0.0,1.6624999999999999
Mohamed Amine Ben Hamida,Tunisia,202.0,1.0,9.0,0.0,0.0,1.5594059405940592
Ali Abdi,Tunisia,269.0,4.0,8.0,0.0,0.0,1.4052044609665424
Yazan Al-Arab,Jordan,270.0,11.0,1.0,0.0,0.0,1.4000000000000001
Stefan Posch,Austria,331.0,10.0,4.0,0.0,0.0,1.3323262839879153
Dayot Upamecano,France,660.0,15.0,12.0,0.0,1.0,1.3295454545454546
Saud Abdulhamid,Saudi Arabia,269.0,2.0,9.0,0.0,0.0,1.2881040892193307
Denis Zakaria,Switzerland,357.0,9.0,5.0,0.0,0.0,1.2857142857142856
Alan Franco,Ecuador,251.0,4.0,6.0,0.0,0.0,1.2549800796812747
Marcos Llorente,Spain,187.0,1.0,6.0,0.0,1.0,1.2272727272727273
Djed Spence,England,404.0,5.0,10.0,0.0,0.0,1.2141089108910892
Abdallah Nasib,Jordan,260.0,7.0,3.0,0.0,0.0,1.2115384615384617
Emmanuel Agbadou,Côte d'Ivoire,270.0,4.0,6.0,0.0,0.0,1.2
Edson Álvarez,Mexico,240.0,3.0,6.0,0.0,0.0,1.18125
Juan Cáceres,Paraguay,436.0,5.0,11.0,0.0,0.0,1.1766055045871562
Alex Freeman,United States,374.0,7.0,6.0,1.0,1.0,1.1671122994652408
Sherel Floranus,Curaçao,270.0,4.0,6.0,0.0,0.0,1.1666666666666665
Martin Expérience,Haiti,270.0,4.0,6.0,0.0,0.0,1.1666666666666665
Pedro Porro,Spain,563.0,8.0,11.0,2.0,0.0,1.1429840142095913
Douglas Santos,Brazil,441.0,6.0,10.0,0.0,0.0,1.1428571428571428
Gideon Mensah,Ghana,360.0,8.0,5.0,0.0,0.0,1.1375
Ramy Bensebaini,Algeria,360.0,7.0,6.0,0.0,0.0,1.1374999999999997
Julian Ryerson,Norway,223.0,0.0,8.0,0.0,0.0,1.1300448430493273
Cristian Romero,Argentina,608.0,11.0,10.0,1.0,0.0,1.117598684210526
Rustam Ashurmatov,Uzbekistan,256.0,7.0,2.0,0.0,0.0,1.107421875
Ahmed Fatouh,Egypt,267.0,4.0,5.0,0.0,0.0,1.0955056179775282
Tarik Muharemovic,Bosnia–Herz,259.0,8.0,1.0,0.0,0.0,1.0945945945945947
Nikola Katić,Bosnia–Herz,317.0,5.0,6.0,0.0,0.0,1.0930599369085172
Júnior Alonso,Paraguay,390.0,4.0,9.0,0.0,0.0,1.073076923076923
Krépin Diatta,Senegal,390.0,3.0,10.0,0.0,0.0,1.0499999999999998
Lee Gi-hyuk,Korea Republic,270.0,5.0,4.0,0.0,0.0,1.0499999999999998
Deveron Fonville,Curaçao,241.0,5.0,3.0,0.0,0.0,1.045643153526971
Nathan Ngoy,Belgium,335.0,7.0,4.0,0.0,0.0,1.0343283582089553
Gonzalo Montiel,Argentina,192.0,3.0,3.0,0.0,1.0,1.03125
Timothy Castagne,Belgium,478.0,8.0,7.0,0.0,1.0,1.0261506276150627
Nathaniel Brown,Germany,282.0,2.0,6.0,1.0,1.0,1.0212765957446808
Nicolás Otamendi,Argentina,247.0,6.0,2.0,0.0,0.0,1.020242914979757
Mohamed Hany,Egypt,480.0,6.0,9.0,0.0,1.0,1.003125
Ramin Rezaeian,IR Iran,270.0,2.0,5.0,2.0,1.0,0.9833333333333333
Aaron Wan-Bissaka,Congo DR,354.0,7.0,4.0,0.0,0.0,0.9788135593220338
Omar Rekik,Tunisia,180.0,3.0,2.0,1.0,0.0,0.975
Pico,Cabo Verde,390.0,7.0,5.0,0.0,0.0,0.9692307692307691
Amar Dedić,Bosnia–Herz,270.0,1.0,7.0,0.0,0.0,0.9666666666666667
Milad Mohammadi,IR Iran,205.0,2.0,4.0,0.0,0.0,0.9658536585365853
Mohannad Abu Taha,Jordan,264.0,6.0,2.0,0.0,0.0,0.9545454545454545
Facundo Medina,Argentina,308.0,2.0,7.0,0.0,1.0,0.9496753246753247
Achraf Hakimi,Morocco,570.0,5.0,10.0,1.0,2.0,0.9394736842105262
João Cancelo,Portugal,312.0,5.0,4.0,0.0,1.0,0.9374999999999999
Diney,Cabo Verde,390.0,4.0,7.0,0.0,0.0,0.9346153846153846
Armando Obispo,Curaçao,270.0,7.0,1.0,0.0,0.0,0.9333333333333333
Guillermo Varela,Uruguay,270.0,7.0,1.0,0.0,0.0,0.9333333333333333
Abdukodir Khusanov,Uzbekistan,270.0,5.0,3.0,0.0,0.0,0.9333333333333332
Fredrik Aursnes,Norway,304.0,1.0,8.0,0.0,0.0,0.9325657894736841
Guéla Doué,Côte d'Ivoire,277.0,3.0,5.0,0.0,0.0,0.9097472924187725
Antonee Robinson,United States,348.0,6.0,4.0,0.0,0.0,0.9051724137931034
Abdulelah Al-Amri,Saudi Arabia,239.0,4.0,2.0,1.0,0.0,0.903765690376569
Willian Pacho,Ecuador,360.0,8.0,2.0,0.0,0.0,0.9
Gustaf Lagerbielke,Sweden,360.0,5.0,5.0,0.0,0.0,0.9
Hassan Al Tambakti,Saudi Arabia,212.0,3.0,3.0,0.0,0.0,0.8915094339622641
Daniel Muñoz,Colombia,394.0,7.0,3.0,2.0,0.0,0.8908629441624365
Josip Šutalo,Croatia,360.0,6.0,4.0,0.0,0.0,0.8749999999999999
Abdulla Abdullaev,Uzbekistan,180.0,3.0,2.0,0.0,0.0,0.8749999999999999
Jorge Sánchez,Mexico,348.0,5.0,4.0,0.0,1.0,0.8663793103448276
Abdülkerim Bardakcı,Türkiye,265.0,2.0,5.0,0.0,0.0,0.8660377358490564
Nathan Patterson,Scotland,185.0,3.0,2.0,0.0,0.0,0.8513513513513513
Ró-Ró,Qatar,270.0,3.0,4.0,0.0,0.0,0.85
Ricardo Adé,Haiti,270.0,5.0,2.0,0.0,0.0,0.85
Aubrey Modiba,South Africa,346.0,4.0,5.0,0.0,0.0,0.8453757225433526
Joel Ordóñez,Ecuador,225.0,1.0,5.0,0.0,0.0,0.84
Moteb Al-Harbi,Saudi Arabia,188.0,4.0,1.0,0.0,0.0,0.8377659574468084
Piero Hincapié,Ecuador,339.0,4.0,5.0,0.0,0.0,0.8362831858407078
Richie Laryea,Canada,429.0,2.0,9.0,0.0,0.0,0.8286713286713286
Montassar Talbi,Tunisia,270.0,5.0,2.0,0.0,0.0,0.8166666666666667
Hannes Delcroix,Haiti,270.0,4.0,3.0,0.0,0.0,0.8166666666666667
Mbekezeli Mbokazi,South Africa,360.0,4.0,5.0,0.0,0.0,0.8125
Kristoffer Ajer,Norway,480.0,4.0,8.0,0.0,0.0,0.8062499999999999
Manuel Akanji,Switzerland,600.0,6.0,9.0,0.0,0.0,0.8024999999999999
Ivan Perišić,Croatia,360.0,4.0,4.0,1.0,1.0,0.8
Joshua Kimmich,Germany,351.0,4.0,4.0,0.0,2.0,0.7948717948717949
Sead Kolašinac,Bosnia–Herz,337.0,2.0,6.0,0.0,1.0,0.7744807121661721
Aymeric Laporte,Spain,727.0,14.0,3.0,0.0,1.0,0.7737276478679505
Juan Manuel Sanabria,Uruguay,204.0,1.0,4.0,0.0,0.0,0.7720588235294117
Boualem Khoukhi,Qatar,270.0,3.0,3.0,1.0,0.0,0.7666666666666666
Gabriel Gudmundsson,Sweden,330.0,5.0,3.0,0.0,0.0,0.7636363636363637
Thomas Meunier,Belgium,190.0,2.0,2.0,0.0,1.0,0.7578947368421053
Sidny Lopes Cabral,Cabo Verde,285.0,4.0,2.0,1.0,0.0,0.7578947368421051
Liberato Cacace,New Zealand,220.0,3.0,2.0,0.0,0.0,0.7568181818181817
Sherzod Nasrullaev,Uzbekistan,180.0,2.0,2.0,0.0,0.0,0.75
Anass Salah-Eddine,Morocco,212.0,0.0,5.0,0.0,0.0,0.7429245283018868
Alessandro Circati,Australia,390.0,2.0,7.0,0.0,0.0,0.7269230769230768
Konrad Laimer,Austria,360.0,2.0,6.0,0.0,1.0,0.725
Lisandro Martínez,Argentina,624.0,6.0,7.0,1.0,1.0,0.7139423076923076
Ramy Rabia,Egypt,372.0,3.0,5.0,0.0,0.0,0.7016129032258065
Luc De Fougerolles,Canada,372.0,2.0,6.0,0.0,0.0,0.7016129032258064
Mathías Olivera,Uruguay,270.0,2.0,4.0,0.0,0.0,0.7
Andrés Andrade Cedeño,Panama,270.0,3.0,3.0,0.0,0.0,0.7
Shoja' Khalilzadeh,IR Iran,270.0,3.0,3.0,0.0,0.0,0.7
Rúben Dias,Portugal,360.0,5.0,3.0,0.0,0.0,0.7
Danilo,Brazil,405.0,7.0,2.0,0.0,0.0,0.6999999999999998
Odilon Kossounou,Côte d'Ivoire,272.0,3.0,3.0,0.0,0.0,0.6948529411764706
Maxim De Cuyper,Belgium,442.0,6.0,2.0,0.0,0.0,0.6923076923076924
Ricardo Rodríguez,Switzerland,517.0,4.0,7.0,0.0,1.0,0.6876208897485494
Jesús Gallardo,Mexico,373.0,7.0,1.0,0.0,0.0,0.6756032171581767
Ezri Konsa,England,647.0,8.0,5.0,1.0,0.0,0.6746522411128284
Jordy Bos,Australia,308.0,3.0,3.0,0.0,0.0,0.672077922077922
Hamdy Fathy,Egypt,238.0,2.0,3.0,0.0,0.0,0.6617647058823528
Nicolás Tagliafico,Argentina,476.0,6.0,4.0,0.0,0.0,0.6617647058823528
Noussair Mazraoui,Morocco,477.0,2.0,8.0,0.0,0.0,0.660377358490566
Torbjørn Heggem,Norway,443.0,2.0,7.0,0.0,0.0,0.6602708803611739
Denzel Dumfries,Netherlands,390.0,1.0,6.0,0.0,2.0,0.6576923076923078
Nahuel Molina,Argentina,528.0,8.0,3.0,0.0,0.0,0.65625
Maxence Lacroix,France,241.0,3.0,2.0,0.0,0.0,0.6535269709543569
Finn Surman,New Zealand,270.0,4.0,1.0,1.0,0.0,0.65
Yasser Ibrahim,Egypt,467.0,3.0,6.0,1.0,0.0,0.6456102783725911
Josip Stanišić,Croatia,360.0,5.0,2.0,0.0,1.0,0.6375000000000001
Jan Paul van Hecke,Netherlands,390.0,4.0,3.0,1.0,0.0,0.6346153846153846
Micky van de Ven,Netherlands,265.0,2.0,3.0,0.0,0.0,0.6283018867924528
Yan Valery,Tunisia,251.0,4.0,1.0,0.0,0.0,0.6274900398406374
Israel Reyes,Mexico,202.0,3.0,1.0,0.0,0.0,0.6237623762376237
Ime Okon,South Africa,360.0,5.0,2.0,0.0,0.0,0.6125
Aïssa Mandi,Algeria,360.0,4.0,3.0,0.0,0.0,0.6124999999999999
Chris Richards,United States,360.0,4.0,3.0,0.0,0.0,0.6124999999999999
Tim Ream,United States,360.0,6.0,1.0,0.0,0.0,0.6124999999999999
David Alaba,Austria,275.0,4.0,1.0,0.0,1.0,0.6054545454545454
Tim Payne,New Zealand,224.0,1.0,3.0,0.0,1.0,0.6026785714285713
Jonas Adjetey,Ghana,225.0,1.0,3.0,0.0,0.0,0.6000000000000001
Alistair Johnston,Canada,450.0,6.0,2.0,0.0,0.0,0.6000000000000001
Reece James,England,319.0,3.0,3.0,0.0,0.0,0.5924764890282131
Isak Hien,Sweden,216.0,1.0,3.0,0.0,0.0,0.5833333333333333
Lee Han-beom,Korea Republic,270.0,3.0,2.0,0.0,0.0,0.5833333333333333
Jules Koundé,France,599.0,3.0,8.0,0.0,0.0,0.5784641068447411
Ismail Jakobs,Senegal,219.0,2.0,2.0,0.0,0.0,0.5753424657534246
Issa Diop,Morocco,476.0,7.0,1.0,1.0,0.0,0.5672268907563025
Nico O'Reilly,England,461.0,5.0,3.0,0.0,0.0,0.5661605206073752
Davinson Sánchez,Colombia,480.0,6.0,2.0,0.0,0.0,0.5624999999999999
Kim Min-jae,Korea Republic,245.0,2.0,2.0,0.0,0.0,0.5510204081632653
Ladislav Krejčí,Czechia,270.0,1.0,3.0,1.0,0.0,0.5333333333333333
Johan Mojica,Colombia,390.0,3.0,3.0,0.0,0.0,0.5307692307692307
Derek Cornelius,Canada,315.0,2.0,3.0,0.0,0.0,0.5285714285714286
Arthur Masuaku,Congo DR,315.0,0.0,5.0,0.0,1.0,0.5285714285714285
Grant Hanley,Scotland,180.0,1.0,2.0,0.0,0.0,0.5249999999999999
Nuno Mendes,Portugal,395.0,0.0,6.0,1.0,0.0,0.5240506329113923
Steven Moreira,Cabo Verde,301.0,2.0,3.0,0.0,0.0,0.5232558139534884
Marc Cucurella,Spain,750.0,7.0,4.0,0.0,2.0,0.522
Takehiro Tomiyasu,Japan,184.0,2.0,1.0,0.0,0.0,0.513586956521739
Michael Amir Murillo,Panama,270.0,1.0,3.0,0.0,0.0,0.5
Theo Hernández,France,257.0,3.0,1.0,0.0,0.0,0.49027237354085595
Renato Veiga,Portugal,450.0,6.0,1.0,0.0,0.0,0.49000000000000005
Chadi Riad,Morocco,344.0,4.0,1.0,0.0,1.0,0.4840116279069767
José Córdoba,Panama,270.0,1.0,3.0,0.0,0.0,0.4666666666666667
Jhon Lucumí,Colombia,478.0,5.0,2.0,0.0,0.0,0.4612970711297071
David Møller Wolfe,Norway,430.0,3.0,3.0,0.0,1.0,0.4604651162790697
Brandon Mechele,Belgium,570.0,4.0,4.0,0.0,0.0,0.4578947368421052
Michael Boxall,New Zealand,207.0,2.0,1.0,0.0,0.0,0.4565217391304347
Arthur Theate,Belgium,228.0,3.0,0.0,0.0,0.0,0.4539473684210526
Merih Demiral,Türkiye,180.0,1.0,1.0,0.0,0.0,0.44999999999999996
Lucas Herrington,Australia,210.0,2.0,1.0,0.0,0.0,0.44999999999999996
Victor Lindelöf,Sweden,356.0,4.0,1.0,0.0,0.0,0.4424157303370786
Gabriel Magalhães,Brazil,450.0,4.0,2.0,0.0,1.0,0.43999999999999995
Rafik Belghali,Algeria,331.0,1.0,3.0,1.0,0.0,0.4350453172205438
Moussa Niakhaté,Senegal,390.0,4.0,1.0,0.0,1.0,0.42692307692307696
Nico Elvedi,Switzerland,600.0,6.0,2.0,0.0,0.0,0.42000000000000004
Andy Robertson,Scotland,225.0,2.0,1.0,0.0,0.0,0.41999999999999993
Virgil van Dijk,Netherlands,390.0,3.0,1.0,1.0,1.0,0.4153846153846154
Ihsan Haddad,Jordan,260.0,2.0,1.0,0.0,1.0,0.398076923076923
William Saliba,France,479.0,6.0,0.0,0.0,0.0,0.3945720250521921
Vladimír Coufal,Czechia,270.0,2.0,1.0,0.0,1.0,0.3833333333333333
Ellyes Skhiri,Tunisia,250.0,2.0,1.0,0.0,0.0,0.378
Chancel Mbemba,Congo DR,360.0,1.0,3.0,0.0,1.0,0.375
Jonathan Tah,Germany,372.0,1.0,3.0,0.0,0.0,0.36290322580645157
Pau Cubarsí,Spain,750.0,4.0,4.0,0.0,0.0,0.36
Lucas Digne,France,463.0,2.0,3.0,0.0,0.0,0.35961123110151183
Ghislain Konan,Côte d'Ivoire,269.0,0.0,3.0,0.0,0.0,0.35130111524163565
Marquinhos,Brazil,450.0,3.0,2.0,0.0,0.0,0.35
Steve Kapuadi,Congo DR,180.0,1.0,1.0,0.0,0.0,0.35
Philipp Lienhart,Austria,180.0,1.0,1.0,0.0,0.0,0.35
Jerome Opoku,Ghana,270.0,1.0,2.0,0.0,0.0,0.35
Sebastián Cáceres,Uruguay,270.0,2.0,1.0,0.0,0.0,0.35
Akam Hashim,Iraq,270.0,2.0,1.0,0.0,0.0,0.35
Marin Pongračić,Croatia,270.0,0.0,3.0,0.0,0.0,0.35
Redouane Halhal,Morocco,180.0,1.0,1.0,0.0,0.0,0.35
Harry Souttar,Australia,390.0,4.0,0.0,0.0,0.0,0.34615384615384615
Marcus Pedersen,Norway,236.0,0.0,2.0,1.0,0.0,0.3432203389830508
Marc Guéhi,England,663.0,6.0,1.0,0.0,0.0,0.33257918552036203
César Montes,Mexico,314.0,2.0,1.0,0.0,0.0,0.32961783439490444
Gustavo Gómez,Paraguay,480.0,2.0,3.0,0.0,0.0,0.328125
Derrick Luckassen,Ghana,180.0,0.0,1.0,1.0,0.0,0.27499999999999997
Axel Tuanzebe,Congo DR,360.0,1.0,2.0,0.0,0.0,0.26249999999999996
Johan Vásquez,Mexico,360.0,2.0,1.0,0.0,0.0,0.26249999999999996
Gustavo Velásquez,Paraguay,246.0,1.0,1.0,0.0,0.0,0.25609756097560976
Issa Laye,Qatar,270.0,1.0,1.0,0.0,0.0,0.23333333333333334
Ali Nemati,IR Iran,270.0,0.0,2.0,0.0,0.0,0.23333333333333334
Jack Hendry,Scotland,270.0,0.0,2.0,0.0,0.0,0.23333333333333334
Moïse Bombito,Canada,193.0,1.0,0.0,0.0,0.0,0.20984455958549222
Omar Alderete,Paraguay,320.0,2.0,0.0,0.0,0.0,0.196875
Stjepan Radeljić,Bosnia–Herz,180.0,0.0,1.0,0.0,0.0,0.175
Hiroki Ito,Japan,360.0,0.0,2.0,0.0,0.0,0.175
Shogo Taniguchi,Japan,232.0,1.0,0.0,0.0,0.0,0.1357758620689655
Kevin Danso,Austria,241.0,0.0,1.0,0.0,0.0,0.13070539419087138
Robin Hranáč,Czechia,270.0,1.0,0.0,0.0,0.0,0.11666666666666667
Pathé Ciss,Senegal,184.0,0.0,0.0,0.0,0.0,0.04891304347826087
Jarell Quansah,England,197.0,0.0,0.0,0.0,0.0,0.0
Antonio Rüdiger,Germany,262.0,0.0,0.0,0.0,0.0,0.0
John Stones,England,330.0,0.0,0.0,0.0,0.0,0.0
